data_venda,produto,quantidade,valor_unitario,regiao
2022-01-29,Carne,7,87.91,Sul
2022-01-14,Feijão,47,62.33,Norte
2022-01-20,Açúcar,39,77.2,Nordeste
2022-01-10,Açúcar,47,74.38,Nordeste
2022-01-3,Óleo,39,34.65,Nordeste
2022-01-17,Sal,30,49.88,Nordeste
2022-01-5,Sal,45,68.44,Sudeste
2022-01-6,Leite,46,26.37,Sudeste
2022-01-23,Macarrão,19,27.92,Sul
2022-01-8,Macarrão,30,68.62,Centro-Oeste
2022-01-4,Sal,41,21.07,Sudeste
2022-01-26,Macarrão,31,61.54,Nordeste
2022-01-22,Frango,50,72.12,Nordeste
2022-01-29,Arroz,22,84.66,Norte
2022-01-15,Óleo,42,15.1,Sudeste
2022-01-17,Óleo,41,49.68,Sudeste
2022-01-30,Carne,16,12.6,Sul
2022-01-2,Óleo,15,59.76,Sul
2022-01-15,Batata,41,15.24,Centro-Oeste
2022-01-31,Arroz,4,49.58,Sul
2022-01-9,Óleo,38,19.25,Centro-Oeste
2022-01-11,Arroz,33,85.66,Sul
2022-01-30,Macarrão,29,56.8,Norte
2022-01-7,Açúcar,46,14.86,Sudeste
2022-01-10,Óleo,5,13.69,Nordeste
2022-01-22,Óleo,5,80.3,Norte
2022-01-8,Sal,28,35.71,Nordeste
2022-01-4,Arroz,11,80.28,Nordeste
2022-01-12,Arroz,16,86.12,Nordeste
2022-01-1,Frango,33,74.52,Centro-Oeste
2022-01-15,Carne,11,52.03,Sul
2022-01-17,Sal,41,56.47,Centro-Oeste
2022-01-23,Frango,11,51.79,Sudeste
2022-01-19,Óleo,49,31.86,Centro-Oeste
2022-01-11,Arroz,20,10.75,Nordeste
2022-01-17,Feijão,43,16.06,Sudeste
2022-01-18,Óleo,3,43.42,Centro-Oeste
2022-01-6,Óleo,23,46.61,Norte
2022-01-11,Batata,36,52.2,Nordeste
2022-01-25,Óleo,34,36.33,Norte
2022-01-23,Macarrão,38,16.43,Nordeste
2022-01-9,Óleo,48,30.48,Sudeste
2022-01-17,Arroz,43,40.63,Centro-Oeste
2022-01-15,Arroz,48,98.93,Norte
2022-01-2,Açúcar,22,86.58,Nordeste
2022-01-26,Sal,39,84.06,Sudeste
2022-01-24,Macarrão,18,33.67,Sul
2022-01-28,Óleo,23,26.82,Norte
2022-01-7,Feijão,3,12.14,Sudeste
2022-01-27,Carne,10,39.6,Norte
2022-01-2,Macarrão,26,12.68,Norte
2022-01-14,Arroz,6,49.07,Nordeste
2022-01-22,Batata,16,89.2,Nordeste
2022-01-4,Feijão,1,63.58,Nordeste
2022-01-31,Sal,8,33.12,Sul
2022-01-16,Sal,13,74.51,Sudeste
2022-01-4,Macarrão,21,26.59,Sudeste
2022-01-10,Açúcar,44,73.24,Sudeste
2022-01-1,Óleo,38,19.01,Nordeste
2022-01-7,Sal,24,11.32,Sudeste
2022-01-21,Leite,4,34.23,Norte
2022-01-12,Óleo,5,49.77,Norte
2022-01-17,Leite,16,22.6,Nordeste
2022-01-6,Sal,2,22.29,Sudeste
2022-01-30,Carne,17,18.88,Centro-Oeste
2022-01-4,Sal,7,37.05,Sul
2022-01-25,Arroz,19,45.29,Nordeste
2022-01-16,Óleo,7,58.72,Centro-Oeste
2022-01-28,Carne,38,77.79,Sul
2022-01-30,Macarrão,16,89.38,Sul
2022-01-26,Frango,5,76.75,Sudeste
2022-01-30,Carne,49,11.37,Sul
2022-01-2,Leite,9,63.51,Nordeste
2022-01-26,Carne,30,37.74,Sudeste
2022-01-31,Batata,22,93.48,Centro-Oeste
2022-01-9,Batata,11,61.97,Nordeste
2022-01-24,Batata,30,63.85,Sudeste
2022-01-16,Leite,35,55.06,Nordeste
2022-01-20,Arroz,23,46.51,Sudeste
2022-01-19,Frango,6,95.71,Centro-Oeste
2022-01-30,Carne,22,69.79,Centro-Oeste
2022-01-29,Leite,43,71.27,Centro-Oeste
2022-01-27,Açúcar,21,94.32,Centro-Oeste
2022-01-23,Leite,43,10.27,Centro-Oeste
2022-01-1,Óleo,26,75.26,Centro-Oeste
2022-01-27,Arroz,37,48.66,Norte
2022-01-29,Óleo,17,81.45,Sul
2022-01-23,Feijão,4,72.69,Centro-Oeste
2022-01-12,Carne,34,42.14,Sul
2022-01-16,Arroz,14,14.97,Nordeste
2022-01-28,Carne,4,66.95,Nordeste
2022-01-25,Leite,43,51.92,Nordeste
2022-01-1,Leite,42,89.41,Sudeste
2022-01-6,Feijão,25,42.45,Norte
2022-01-22,Frango,42,55.97,Centro-Oeste
2022-01-17,Leite,50,90.54,Centro-Oeste
2022-01-28,Óleo,39,23.77,Centro-Oeste
2022-01-12,Arroz,17,25.07,Centro-Oeste
2022-01-27,Leite,40,53.58,Centro-Oeste
2022-01-3,Macarrão,43,82.96,Sudeste
2022-01-8,Frango,3,41.28,Norte
2022-01-18,Óleo,43,61.7,Sudeste
2022-01-20,Carne,48,76.32,Centro-Oeste
2022-01-23,Leite,26,84.56,Sudeste
2022-01-31,Macarrão,42,67.4,Nordeste
2022-01-16,Óleo,22,74.91,Sul
2022-01-12,Arroz,3,74.57,Sul
2022-01-4,Arroz,29,99.03,Nordeste
2022-01-30,Açúcar,49,83.72,Sul
2022-01-18,Feijão,24,36.0,Sul
2022-01-13,Feijão,46,60.6,Norte
2022-01-8,Óleo,18,56.33,Sudeste
2022-01-29,Arroz,43,93.59,Centro-Oeste
2022-01-3,Batata,14,63.24,Norte
2022-01-14,Batata,28,28.84,Nordeste
2022-01-12,Açúcar,10,28.63,Sul
2022-01-31,Feijão,37,15.91,Nordeste
2022-01-7,Leite,27,41.43,Sul
2022-01-27,Macarrão,49,80.31,Sudeste
2022-01-18,Sal,19,97.0,Sul
2022-01-29,Açúcar,44,78.21,Sudeste
2022-01-17,Açúcar,2,23.35,Centro-Oeste
2022-01-20,Frango,14,18.37,Sudeste
2022-01-22,Açúcar,34,43.13,Sudeste
2022-01-3,Arroz,33,14.88,Centro-Oeste
2022-01-14,Arroz,42,87.48,Sul
2022-01-23,Batata,29,90.67,Centro-Oeste
2022-01-28,Óleo,34,41.45,Norte
2022-01-13,Óleo,23,79.5,Sul
2022-01-19,Açúcar,15,81.5,Nordeste
2022-01-8,Feijão,10,68.47,Sudeste
2022-01-10,Sal,32,22.6,Sul
2022-01-17,Batata,43,85.1,Nordeste
2022-01-25,Macarrão,25,17.28,Centro-Oeste
2022-01-6,Macarrão,35,58.75,Nordeste
2022-01-2,Batata,13,23.36,Centro-Oeste
2022-01-13,Batata,22,76.12,Centro-Oeste
2022-01-21,Leite,44,99.63,Norte
2022-01-13,Frango,14,19.96,Sul
2022-01-19,Batata,3,74.82,Norte
2022-01-15,Feijão,43,64.02,Norte
2022-01-11,Açúcar,29,44.21,Sudeste
2022-01-13,Macarrão,8,51.26,Centro-Oeste
2022-01-23,Arroz,36,75.24,Centro-Oeste
2022-01-23,Leite,44,88.88,Norte
2022-01-22,Batata,37,53.44,Norte
2022-01-17,Macarrão,48,60.85,Sul
2022-01-22,Leite,25,90.02,Norte
2022-01-22,Macarrão,15,19.55,Centro-Oeste
2022-01-7,Feijão,1,18.61,Nordeste
2022-01-5,Macarrão,14,81.45,Sudeste
2022-01-4,Óleo,9,86.54,Sul
2022-01-25,Açúcar,13,22.4,Sul
2022-01-21,Óleo,4,95.86,Norte
2022-01-30,Carne,50,26.54,Sudeste
2022-01-26,Açúcar,43,70.22,Centro-Oeste
2022-01-31,Arroz,14,34.24,Centro-Oeste
2022-01-7,Batata,16,14.5,Centro-Oeste
2022-01-19,Óleo,2,99.44,Sudeste
2022-01-7,Batata,7,99.18,Norte
2022-01-21,Leite,18,84.9,Sudeste
2022-01-25,Frango,36,41.64,Nordeste
2022-01-25,Sal,5,76.57,Centro-Oeste
2022-01-3,Macarrão,26,94.17,Centro-Oeste
2022-01-1,Óleo,43,85.48,Sudeste
2022-01-9,Arroz,25,78.95,Norte
2022-01-13,Óleo,18,34.34,Norte
2022-01-25,Açúcar,9,21.32,Sul
2022-01-16,Feijão,47,69.85,Sul
2022-01-12,Feijão,39,72.58,Sudeste
2022-01-18,Batata,23,35.07,Sul
2022-01-11,Sal,21,93.57,Sudeste
2022-01-29,Açúcar,42,29.05,Sudeste
2022-01-14,Batata,27,99.54,Centro-Oeste
2022-01-4,Feijão,47,68.87,Centro-Oeste
2022-01-31,Frango,3,19.93,Norte
2022-01-18,Óleo,44,64.25,Nordeste
2022-01-18,Leite,21,19.45,Norte
2022-01-14,Leite,9,69.15,Sul
2022-01-24,Batata,1,27.78,Sul
2022-01-13,Carne,14,59.26,Norte
2022-01-5,Carne,7,85.47,Nordeste
2022-01-24,Óleo,18,68.81,Norte
2022-01-18,Sal,28,82.39,Sudeste
2022-01-16,Carne,50,75.66,Norte
2022-01-31,Arroz,14,41.82,Sul
2022-01-8,Arroz,43,71.36,Centro-Oeste
2022-01-12,Feijão,19,19.32,Nordeste
2022-01-8,Óleo,16,74.18,Sudeste
2022-01-17,Sal,3,87.58,Sul
2022-01-8,Arroz,40,32.03,Centro-Oeste
2022-01-31,Arroz,41,78.3,Nordeste
2022-01-2,Açúcar,7,96.33,Nordeste
2022-01-6,Frango,12,82.4,Sudeste
2022-01-16,Batata,23,67.86,Sul
2022-01-5,Arroz,42,39.72,Sudeste
2022-01-18,Feijão,34,47.77,Centro-Oeste
2022-01-18,Frango,29,28.92,Sudeste
2022-01-26,Macarrão,46,75.28,Centro-Oeste
2022-01-15,Macarrão,19,93.83,Norte
2022-01-7,Açúcar,7,45.86,Nordeste
2022-01-22,Batata,38,37.11,Centro-Oeste
2022-01-31,Feijão,50,37.45,Sudeste
2022-01-16,Arroz,42,22.54,Nordeste
2022-01-2,Arroz,40,49.12,Centro-Oeste
2022-01-20,Batata,11,33.72,Centro-Oeste
2022-01-20,Açúcar,28,43.98,Sul
2022-01-12,Açúcar,1,21.54,Sudeste
2022-01-12,Açúcar,3,51.24,Centro-Oeste
2022-01-25,Batata,24,70.24,Nordeste
2022-01-11,Frango,15,84.52,Nordeste
2022-01-12,Arroz,32,68.69,Sul
2022-01-15,Sal,22,97.96,Nordeste
2022-01-13,Frango,28,24.87,Sul
2022-01-19,Batata,5,29.34,Norte
2022-01-4,Açúcar,3,57.26,Centro-Oeste
2022-01-27,Sal,49,73.33,Norte
2022-01-10,Frango,19,24.02,Sudeste
2022-01-29,Macarrão,43,84.95,Sudeste
2022-01-9,Açúcar,47,80.55,Centro-Oeste
2022-01-5,Arroz,48,41.0,Nordeste
2022-01-14,Macarrão,16,35.23,Sudeste
2022-01-18,Macarrão,18,61.92,Sul
2022-01-3,Açúcar,21,41.67,Centro-Oeste
2022-01-31,Carne,19,10.63,Nordeste
2022-01-7,Sal,12,98.09,Sul
2022-01-10,Sal,13,67.81,Sudeste
2022-01-1,Óleo,24,41.55,Sul
2022-01-9,Açúcar,9,62.86,Centro-Oeste
2022-01-31,Açúcar,36,40.49,Centro-Oeste
2022-01-28,Óleo,39,79.38,Centro-Oeste
2022-01-14,Feijão,24,92.4,Centro-Oeste
2022-01-10,Sal,3,46.46,Centro-Oeste
2022-01-12,Óleo,25,35.09,Centro-Oeste
2022-01-11,Feijão,47,33.2,Centro-Oeste
2022-01-26,Feijão,19,43.42,Centro-Oeste
2022-01-7,Açúcar,22,86.56,Nordeste
2022-01-28,Feijão,36,28.74,Norte
2022-01-11,Leite,48,15.52,Norte
2022-01-19,Feijão,48,97.31,Norte
2022-01-27,Açúcar,5,70.44,Sudeste
2022-01-22,Macarrão,31,85.32,Sul
2022-01-18,Batata,49,65.07,Sul
2022-01-10,Açúcar,1,31.55,Norte
2022-01-6,Sal,8,28.23,Nordeste
2022-01-2,Feijão,38,11.79,Centro-Oeste
2022-01-10,Arroz,35,92.57,Nordeste
2022-01-12,Batata,31,12.91,Centro-Oeste
2022-01-11,Feijão,39,43.96,Sudeste
2022-01-18,Açúcar,25,63.46,Norte
2022-01-6,Leite,30,99.57,Sul
2022-01-20,Frango,33,74.34,Nordeste
2022-01-12,Carne,15,55.02,Sul
2022-01-7,Sal,15,58.67,Sul
2022-01-7,Açúcar,3,40.25,Sul
2022-01-28,Frango,25,56.31,Sudeste
2022-01-22,Feijão,5,90.58,Sudeste
2022-01-28,Frango,44,23.51,Centro-Oeste
2022-01-29,Óleo,17,64.86,Sudeste
2022-01-26,Leite,4,42.51,Norte
2022-01-12,Batata,8,78.08,Nordeste
2022-01-2,Açúcar,42,37.37,Sul
2022-01-24,Feijão,18,79.92,Sul
2022-01-6,Batata,8,92.62,Centro-Oeste
2022-01-7,Batata,22,69.79,Norte
2022-01-18,Frango,35,92.63,Nordeste
2022-01-18,Sal,14,96.65,Centro-Oeste
2022-01-17,Arroz,7,64.61,Sul
2022-01-7,Arroz,5,31.82,Sudeste
2022-01-3,Feijão,11,86.99,Sudeste
2022-01-24,Frango,27,16.24,Norte
2022-01-1,Carne,1,13.61,Sul
2022-01-7,Sal,24,22.7,Norte
2022-01-8,Óleo,16,56.18,Nordeste
2022-01-23,Óleo,43,14.73,Centro-Oeste
2022-01-15,Óleo,31,41.08,Sudeste
2022-01-28,Carne,25,13.4,Sul
2022-01-8,Açúcar,34,94.8,Nordeste
2022-01-29,Feijão,22,77.26,Sudeste
2022-01-2,Carne,30,38.86,Centro-Oeste
2022-01-24,Leite,43,57.89,Centro-Oeste
2022-01-14,Leite,4,82.14,Norte
2022-01-16,Açúcar,50,57.12,Centro-Oeste
2022-01-15,Leite,21,97.33,Sul
2022-01-4,Carne,24,97.53,Sul
2022-01-12,Óleo,28,37.28,Sul
2022-01-2,Macarrão,17,31.4,Centro-Oeste
2022-01-2,Batata,32,77.57,Norte
2022-01-30,Carne,18,60.3,Nordeste
2022-01-15,Batata,4,11.32,Norte
2022-01-21,Batata,3,17.21,Norte
2022-01-23,Leite,20,17.09,Sudeste
2022-01-2,Frango,39,76.53,Norte
2022-01-19,Batata,15,32.36,Sudeste
2022-01-6,Carne,31,79.49,Centro-Oeste
2022-01-25,Frango,34,53.88,Sudeste
2022-01-16,Feijão,50,50.9,Sudeste
2022-01-28,Sal,30,40.59,Centro-Oeste
2022-01-7,Carne,16,68.12,Sudeste
2022-01-17,Carne,20,30.72,Norte
2022-01-8,Açúcar,28,13.49,Centro-Oeste
2022-01-2,Macarrão,2,46.03,Sul
2022-01-9,Feijão,9,45.31,Centro-Oeste
2022-01-19,Açúcar,48,17.34,Sudeste
2022-01-21,Açúcar,22,57.1,Centro-Oeste
2022-01-22,Leite,7,33.12,Norte
2022-01-10,Açúcar,45,48.82,Sul
2022-01-1,Sal,47,26.08,Nordeste
2022-01-20,Leite,1,80.27,Nordeste
2022-01-28,Batata,44,98.84,Sul
2022-01-25,Açúcar,19,82.0,Norte
2022-01-27,Batata,40,98.1,Nordeste
2022-01-18,Arroz,26,30.96,Norte
2022-01-11,Macarrão,37,74.96,Centro-Oeste
2022-01-23,Óleo,34,79.18,Centro-Oeste
2022-01-19,Óleo,46,61.05,Centro-Oeste
2022-01-31,Batata,11,46.97,Norte
2022-01-16,Macarrão,30,69.78,Norte
2022-01-1,Açúcar,37,34.1,Sudeste
2022-01-24,Frango,12,50.36,Norte
2022-01-10,Óleo,18,72.87,Nordeste
2022-01-23,Açúcar,25,27.37,Centro-Oeste
2022-01-23,Leite,18,12.45,Nordeste
2022-01-26,Frango,50,82.43,Sul
2022-01-9,Leite,13,82.84,Sul
2022-01-21,Leite,33,70.7,Sudeste
2022-01-9,Carne,13,64.56,Centro-Oeste
2022-01-31,Açúcar,11,11.26,Centro-Oeste
2022-01-26,Açúcar,42,76.37,Sudeste
2022-01-25,Carne,35,90.65,Nordeste
2022-01-17,Feijão,36,80.69,Norte
2022-01-29,Feijão,3,63.41,Centro-Oeste
2022-01-18,Leite,48,11.56,Nordeste
2022-01-21,Frango,47,24.87,Nordeste
2022-01-16,Sal,19,50.64,Sul
2022-01-16,Batata,24,32.16,Norte
2022-01-9,Açúcar,19,55.0,Sul
2022-01-29,Açúcar,38,76.76,Nordeste
2022-01-3,Feijão,39,15.9,Sul
2022-01-4,Batata,26,46.15,Sudeste
2022-01-5,Óleo,25,24.23,Sudeste
2022-01-18,Frango,23,64.28,Norte
2022-01-8,Batata,40,20.54,Nordeste
2022-01-17,Óleo,50,31.81,Norte
2022-01-16,Frango,44,71.36,Sul
2022-01-5,Leite,14,83.39,Norte
2022-01-23,Leite,50,26.55,Nordeste
2022-01-29,Carne,6,69.83,Centro-Oeste
2022-01-9,Arroz,24,65.94,Sudeste
2022-01-13,Óleo,43,40.85,Sul
2022-01-5,Sal,32,20.46,Norte
2022-01-9,Batata,34,15.21,Centro-Oeste
2022-01-28,Carne,31,51.71,Sul
2022-01-11,Macarrão,49,34.52,Norte
2022-01-28,Batata,22,15.08,Norte
2022-01-11,Macarrão,28,30.94,Sudeste
2022-01-19,Açúcar,39,43.43,Norte
2022-01-3,Frango,1,37.21,Norte
2022-01-4,Feijão,44,86.1,Sul
2022-01-20,Sal,21,29.89,Centro-Oeste
2022-01-25,Leite,23,38.61,Nordeste
2022-01-22,Óleo,12,25.21,Sul
2022-01-16,Frango,39,37.02,Sul
2022-01-15,Óleo,1,45.43,Nordeste
2022-01-23,Arroz,24,13.38,Nordeste
2022-01-19,Frango,40,79.58,Nordeste
2022-01-30,Batata,1,91.41,Nordeste
2022-01-7,Batata,8,53.34,Sul
2022-01-1,Açúcar,50,45.28,Centro-Oeste
2022-01-7,Feijão,10,88.21,Nordeste
2022-01-3,Óleo,18,30.83,Norte
2022-01-20,Arroz,39,27.9,Centro-Oeste
2022-01-17,Feijão,32,59.64,Sudeste
2022-01-20,Macarrão,39,30.63,Nordeste
2022-01-28,Açúcar,27,50.96,Sul
2022-01-7,Batata,38,52.56,Sudeste
2022-01-31,Sal,11,27.3,Centro-Oeste
2022-01-3,Macarrão,35,38.9,Sudeste
2022-01-2,Leite,35,99.16,Norte
2022-01-29,Frango,29,93.13,Nordeste
2022-01-27,Açúcar,1,42.27,Norte
2022-01-11,Batata,11,33.4,Centro-Oeste
2022-01-26,Leite,49,30.43,Sudeste
2022-01-21,Feijão,23,16.75,Nordeste
2022-01-15,Carne,25,77.95,Sudeste
2022-01-17,Óleo,12,59.25,Centro-Oeste
2022-01-24,Arroz,34,87.25,Nordeste
2022-01-7,Leite,37,91.0,Nordeste
2022-01-19,Carne,21,40.56,Sul
2022-01-10,Açúcar,11,28.84,Nordeste
2022-01-4,Arroz,45,59.23,Sudeste
2022-01-2,Batata,19,74.74,Sudeste
2022-01-27,Arroz,6,11.33,Sudeste
2022-01-13,Leite,38,11.17,Nordeste
2022-01-10,Sal,19,33.64,Sul
2022-01-4,Macarrão,19,37.45,Sul
2022-01-21,Sal,43,24.67,Centro-Oeste
2022-01-21,Feijão,33,83.34,Nordeste
2022-01-11,Açúcar,47,26.85,Centro-Oeste
2022-01-23,Carne,18,63.22,Norte
2022-01-31,Frango,7,54.53,Centro-Oeste
2022-01-30,Macarrão,39,28.39,Sudeste
2022-01-6,Açúcar,15,94.91,Nordeste
2022-01-20,Frango,12,84.17,Sudeste
2022-01-17,Macarrão,9,27.96,Norte
2022-01-7,Macarrão,28,27.35,Centro-Oeste
2022-01-22,Feijão,3,68.03,Norte
2022-01-7,Frango,7,28.39,Nordeste
2022-01-14,Frango,14,56.59,Centro-Oeste
2022-01-6,Macarrão,37,99.61,Nordeste
2022-01-8,Feijão,10,54.26,Sudeste
2022-01-4,Carne,12,14.32,Norte
2022-01-3,Batata,31,41.27,Norte
2022-01-22,Carne,12,20.24,Nordeste
2022-01-27,Óleo,17,27.47,Centro-Oeste
2022-01-10,Açúcar,13,23.87,Centro-Oeste
2022-01-3,Frango,36,28.73,Norte
2022-01-14,Frango,1,25.28,Norte
2022-01-28,Carne,45,78.77,Sul
2022-01-27,Leite,35,42.62,Sul
2022-01-2,Óleo,5,47.92,Sudeste
2022-01-4,Carne,40,67.17,Sudeste
2022-01-21,Arroz,14,72.28,Norte
2022-01-24,Leite,39,95.83,Centro-Oeste
2022-01-19,Macarrão,44,85.55,Nordeste
2022-01-12,Leite,13,11.04,Sul
2022-01-27,Feijão,6,79.64,Nordeste
2022-01-17,Feijão,17,33.98,Sul
2022-01-10,Leite,48,80.59,Sudeste
2022-01-20,Óleo,33,11.16,Sudeste
2022-01-19,Batata,35,55.9,Nordeste
2022-01-5,Óleo,38,65.06,Norte
2022-01-22,Leite,7,38.56,Centro-Oeste
2022-01-13,Frango,1,33.13,Sudeste
2022-01-25,Batata,46,30.16,Sudeste
2022-01-26,Óleo,34,99.38,Norte
2022-01-15,Leite,10,19.59,Sul
2022-01-13,Frango,5,51.0,Sul
2022-01-5,Óleo,13,55.28,Sudeste
2022-01-30,Açúcar,38,70.56,Sudeste
2022-01-31,Sal,48,88.84,Norte
2022-01-8,Feijão,19,12.55,Nordeste
2022-01-14,Sal,43,50.17,Nordeste
2022-01-31,Carne,48,23.03,Nordeste
2022-01-25,Sal,1,43.14,Nordeste
2022-01-1,Frango,6,86.24,Centro-Oeste
2022-01-7,Macarrão,42,66.72,Norte
2022-01-23,Arroz,33,89.93,Sudeste
2022-01-27,Macarrão,24,93.93,Sudeste
2022-01-4,Frango,48,53.93,Sul
2022-01-30,Feijão,6,10.43,Centro-Oeste
2022-01-26,Frango,7,95.36,Centro-Oeste
2022-01-26,Feijão,47,82.17,Sudeste
2022-01-4,Carne,6,39.33,Sul
2022-01-26,Leite,41,16.94,Nordeste
2022-01-21,Sal,18,83.4,Sul
2022-01-15,Frango,32,30.41,Sudeste
2022-01-26,Feijão,23,74.8,Nordeste
2022-01-7,Óleo,16,94.76,Sul
2022-01-11,Batata,28,76.48,Norte
2022-01-21,Feijão,6,46.91,Centro-Oeste
2022-01-13,Arroz,22,46.05,Norte
2022-01-18,Carne,21,50.2,Sudeste
2022-01-28,Carne,20,90.53,Nordeste
2022-01-18,Frango,15,98.21,Sudeste
2022-01-4,Arroz,35,96.71,Centro-Oeste
2022-01-12,Feijão,33,76.49,Nordeste
2022-01-12,Feijão,7,69.46,Sudeste
2022-01-3,Leite,14,95.96,Nordeste
2022-01-13,Sal,14,99.23,Nordeste
2022-01-5,Feijão,24,98.85,Norte
2022-01-26,Carne,13,61.39,Centro-Oeste
2022-01-12,Arroz,46,61.68,Nordeste
2022-01-3,Macarrão,10,43.61,Sudeste
2022-01-18,Leite,47,76.62,Sul
2022-01-16,Sal,40,97.12,Centro-Oeste
2022-01-16,Batata,32,97.68,Centro-Oeste
2022-01-3,Batata,25,81.56,Nordeste
2022-01-16,Frango,36,61.55,Sudeste
2022-01-16,Óleo,29,37.3,Nordeste
2022-01-28,Arroz,7,65.94,Sul
2022-01-17,Arroz,15,88.01,Centro-Oeste
2022-01-22,Feijão,24,85.55,Norte
2022-01-10,Carne,13,50.64,Sul
2022-01-1,Arroz,28,43.08,Nordeste
2022-01-6,Feijão,43,94.29,Norte
2022-01-11,Arroz,37,63.51,Sul
2022-01-2,Frango,7,16.49,Nordeste
2022-01-30,Sal,39,35.26,Centro-Oeste
2022-01-27,Feijão,6,39.53,Centro-Oeste
2022-01-27,Carne,39,83.26,Nordeste
2022-01-15,Sal,45,36.44,Nordeste
2022-01-19,Arroz,27,41.87,Centro-Oeste
2022-01-22,Óleo,45,53.02,Centro-Oeste
2022-01-11,Batata,26,45.19,Sudeste
2022-01-7,Carne,50,42.63,Nordeste
2022-01-16,Óleo,19,94.95,Sul
2022-01-16,Óleo,48,77.62,Sul
2022-01-9,Carne,46,80.54,Centro-Oeste
2022-01-18,Feijão,25,64.95,Centro-Oeste
2022-01-7,Leite,39,51.59,Nordeste
2022-01-30,Feijão,29,44.39,Norte
2022-01-30,Arroz,7,40.76,Centro-Oeste
2022-01-14,Batata,31,12.94,Centro-Oeste
2022-01-31,Frango,21,65.67,Sudeste
2022-01-16,Óleo,12,65.56,Sudeste
2022-01-20,Carne,47,42.52,Nordeste
2022-01-11,Arroz,31,68.32,Sul
2022-01-29,Macarrão,40,38.7,Centro-Oeste
2022-01-1,Óleo,46,58.75,Sudeste
2022-01-4,Sal,47,10.16,Sul
2022-01-4,Frango,49,81.02,Sudeste
2022-01-25,Carne,27,20.77,Sul
2022-01-29,Macarrão,15,24.07,Sudeste
2022-01-5,Sal,14,83.94,Sul
2022-01-5,Açúcar,46,13.34,Norte
2022-01-16,Óleo,18,81.97,Sul
2022-01-30,Batata,9,85.71,Centro-Oeste
2022-01-23,Açúcar,31,69.82,Norte
2022-01-11,Macarrão,19,55.31,Sudeste
2022-01-21,Leite,47,57.08,Sudeste
2022-01-11,Óleo,38,68.03,Sul
2022-01-10,Frango,1,72.82,Sul
2022-01-7,Leite,26,10.85,Sul
2022-01-10,Frango,1,45.76,Nordeste
2022-01-6,Frango,18,11.31,Centro-Oeste
2022-01-2,Macarrão,40,59.81,Sul
2022-01-6,Carne,34,40.18,Sudeste
2022-01-3,Frango,41,53.08,Nordeste
2022-01-14,Feijão,23,52.56,Sudeste
2022-01-1,Óleo,41,15.27,Sul
2022-01-28,Carne,39,82.62,Centro-Oeste
2022-01-31,Macarrão,32,69.48,Sudeste
2022-01-2,Frango,41,22.63,Norte
2022-01-11,Óleo,11,20.08,Norte
2022-01-11,Leite,32,70.9,Sudeste
2022-01-10,Frango,6,48.72,Centro-Oeste
2022-01-13,Açúcar,47,29.64,Norte
2022-01-23,Feijão,9,64.14,Nordeste
2022-01-26,Carne,47,79.02,Sul
2022-01-31,Carne,40,38.79,Nordeste
2022-01-29,Açúcar,10,61.49,Norte
2022-01-30,Batata,30,11.66,Norte
2022-01-13,Feijão,32,83.74,Sul
2022-01-28,Óleo,20,32.91,Norte
2022-01-4,Carne,13,22.76,Sul
2022-01-24,Batata,45,89.41,Norte
2022-01-21,Açúcar,25,46.65,Sul
2022-01-30,Óleo,16,39.88,Nordeste
2022-01-30,Feijão,37,63.73,Sul
2022-01-1,Açúcar,7,93.34,Sudeste
2022-01-25,Batata,38,33.21,Nordeste
2022-01-30,Feijão,37,53.64,Nordeste
2022-01-8,Batata,38,80.63,Centro-Oeste
2022-01-4,Sal,7,16.47,Nordeste
2022-01-30,Macarrão,43,33.98,Centro-Oeste
2022-01-7,Açúcar,40,54.86,Centro-Oeste
2022-01-13,Óleo,10,39.94,Centro-Oeste
2022-01-14,Sal,26,34.09,Centro-Oeste
2022-01-2,Arroz,17,16.5,Sudeste
2022-01-15,Feijão,13,22.93,Centro-Oeste
2022-01-13,Leite,13,22.9,Sudeste
2022-01-24,Leite,27,73.33,Nordeste
2022-01-19,Leite,13,55.74,Sul
2022-01-5,Batata,47,12.93,Norte
2022-01-24,Feijão,40,18.56,Centro-Oeste
2022-01-23,Macarrão,46,62.71,Sul
2022-01-17,Leite,20,77.59,Sul
2022-01-1,Arroz,2,35.78,Sudeste
2022-01-6,Macarrão,10,30.03,Norte
2022-01-25,Sal,5,88.3,Sudeste
2022-01-28,Carne,42,24.58,Centro-Oeste
2022-01-3,Óleo,13,81.79,Norte
2022-01-29,Arroz,39,45.87,Nordeste
2022-01-25,Batata,31,23.95,Sudeste
2022-01-7,Macarrão,21,55.53,Norte
2022-01-21,Carne,14,98.08,Centro-Oeste
2022-01-28,Arroz,48,25.79,Sul
2022-01-27,Arroz,27,18.46,Sudeste
2022-01-9,Arroz,46,48.67,Norte
2022-01-24,Feijão,40,98.34,Nordeste
2022-01-22,Leite,48,64.7,Sul
2022-01-7,Macarrão,7,95.07,Centro-Oeste
2022-01-7,Óleo,30,34.81,Centro-Oeste
2022-01-10,Açúcar,28,57.65,Centro-Oeste
2022-01-16,Açúcar,24,49.67,Nordeste
2022-01-2,Frango,45,51.91,Sudeste
2022-01-17,Arroz,12,37.35,Sudeste
2022-01-20,Leite,30,50.07,Centro-Oeste
2022-01-6,Sal,16,12.84,Centro-Oeste
2022-01-11,Sal,9,52.78,Sul
2022-01-24,Frango,44,37.07,Nordeste
2022-01-21,Leite,9,82.2,Norte
2022-01-24,Leite,30,49.52,Sudeste
2022-01-17,Carne,49,43.51,Sudeste
2022-01-9,Feijão,27,88.93,Sudeste
2022-01-31,Batata,7,70.31,Sudeste
2022-01-27,Carne,3,99.38,Nordeste
2022-01-6,Frango,1,96.37,Norte
2022-01-15,Macarrão,5,13.42,Sudeste
2022-01-3,Arroz,46,53.52,Centro-Oeste
2022-01-9,Macarrão,9,62.31,Sudeste
2022-01-14,Feijão,35,96.73,Norte
2022-01-18,Feijão,13,83.93,Sudeste
2022-01-16,Leite,30,21.39,Centro-Oeste
2022-01-14,Feijão,32,32.33,Nordeste
2022-01-24,Arroz,22,17.95,Centro-Oeste
2022-01-1,Macarrão,36,75.71,Sul
2022-01-6,Feijão,36,69.27,Sudeste
2022-01-30,Feijão,11,52.65,Centro-Oeste
2022-01-6,Macarrão,20,22.35,Norte
2022-01-8,Carne,43,29.47,Sul
2022-01-12,Arroz,21,58.43,Centro-Oeste
2022-01-25,Sal,31,32.7,Norte
2022-01-29,Carne,20,17.98,Norte
2022-01-27,Açúcar,30,50.36,Sudeste
2022-01-15,Feijão,22,56.46,Sul
2022-01-4,Açúcar,16,22.85,Sudeste
2022-01-3,Feijão,10,35.72,Nordeste
2022-01-30,Frango,30,12.79,Centro-Oeste
2022-01-23,Leite,23,32.46,Sul
2022-01-12,Carne,34,63.31,Centro-Oeste
2022-01-22,Sal,41,95.82,Sudeste
2022-01-31,Óleo,21,32.69,Sudeste
2022-01-30,Óleo,36,32.62,Norte
2022-01-31,Batata,33,73.36,Centro-Oeste
2022-01-27,Macarrão,14,19.38,Centro-Oeste
2022-01-27,Açúcar,35,48.99,Sudeste
2022-01-29,Açúcar,6,45.31,Nordeste
2022-01-10,Batata,24,63.58,Nordeste
2022-01-11,Batata,47,90.91,Sul
2022-01-19,Açúcar,47,33.61,Nordeste
2022-01-12,Sal,9,41.67,Norte
2022-01-20,Frango,34,75.08,Sudeste
2022-01-25,Macarrão,3,36.92,Sul
2022-01-27,Óleo,25,63.07,Nordeste
2022-01-26,Óleo,12,83.96,Sul
2022-01-30,Feijão,22,16.23,Sudeste
2022-01-28,Feijão,15,30.42,Sudeste
2022-01-7,Arroz,48,62.53,Nordeste
2022-01-29,Leite,4,88.39,Sudeste
2022-01-28,Batata,43,51.04,Norte
2022-01-8,Sal,9,83.65,Nordeste
2022-01-2,Óleo,50,26.89,Nordeste
2022-01-3,Sal,5,40.43,Centro-Oeste
2022-01-7,Sal,16,85.05,Nordeste
2022-01-25,Sal,20,21.76,Centro-Oeste
2022-01-10,Arroz,7,35.28,Sudeste
2022-01-7,Sal,33,53.26,Sul
2022-01-22,Feijão,47,81.63,Norte
2022-01-23,Frango,45,37.53,Nordeste
2022-01-13,Feijão,32,68.45,Sudeste
2022-01-29,Açúcar,2,94.37,Centro-Oeste
2022-01-29,Macarrão,40,84.75,Norte
2022-01-20,Frango,9,81.43,Nordeste
2022-01-7,Sal,27,66.93,Norte
2022-01-9,Arroz,47,86.88,Centro-Oeste
2022-01-1,Feijão,4,22.6,Centro-Oeste
2022-01-24,Açúcar,43,47.13,Nordeste
2022-01-16,Leite,11,75.19,Nordeste
2022-01-11,Batata,40,38.15,Sul
2022-01-21,Óleo,44,98.99,Nordeste
2022-01-3,Arroz,36,65.58,Sul
2022-01-19,Leite,24,58.93,Centro-Oeste
2022-01-14,Frango,46,40.54,Nordeste
2022-01-27,Feijão,31,20.94,Norte
2022-01-2,Frango,7,90.03,Sudeste
2022-01-10,Batata,22,58.26,Sul
2022-01-20,Açúcar,2,43.62,Sudeste
2022-01-28,Frango,12,15.22,Nordeste
2022-01-27,Arroz,42,77.89,Sudeste
2022-01-6,Batata,7,59.94,Sudeste
2022-01-12,Arroz,27,73.39,Norte
2022-01-12,Leite,11,26.81,Centro-Oeste
2022-01-3,Macarrão,11,56.11,Norte
2022-01-10,Leite,9,55.7,Norte
2022-01-19,Óleo,47,73.92,Sul
2022-01-7,Frango,32,61.44,Centro-Oeste
2022-01-15,Arroz,31,46.72,Norte
2022-01-15,Feijão,12,72.42,Sudeste
2022-01-24,Frango,20,34.47,Norte
2022-01-20,Batata,33,89.27,Nordeste
2022-01-27,Açúcar,33,68.59,Sudeste
2022-01-17,Feijão,40,79.77,Nordeste
2022-01-20,Açúcar,26,25.48,Centro-Oeste
2022-01-29,Frango,47,76.17,Sul
2022-01-12,Batata,47,72.05,Sudeste
2022-01-27,Feijão,27,60.09,Sul
2022-01-21,Óleo,32,36.57,Centro-Oeste
2022-01-26,Batata,17,13.47,Norte
2022-01-25,Leite,3,53.26,Sudeste
2022-01-13,Batata,38,51.7,Nordeste
2022-01-1,Leite,28,61.31,Norte
2022-01-30,Óleo,42,88.8,Nordeste
2022-01-29,Açúcar,31,47.9,Centro-Oeste
2022-01-25,Arroz,13,90.82,Centro-Oeste
2022-01-11,Açúcar,22,33.74,Centro-Oeste
2022-01-6,Feijão,9,80.81,Sudeste
2022-01-23,Feijão,13,80.57,Centro-Oeste
2022-01-25,Frango,13,59.39,Nordeste
2022-01-17,Arroz,25,24.49,Sudeste
2022-01-24,Leite,15,62.71,Sudeste
2022-01-3,Carne,1,90.1,Norte
2022-01-14,Batata,49,23.9,Nordeste
2022-01-18,Açúcar,4,18.1,Centro-Oeste
2022-01-3,Leite,43,80.26,Sudeste
2022-01-25,Leite,32,16.79,Sul
2022-01-21,Batata,8,61.19,Norte
2022-01-3,Frango,19,45.96,Sul
2022-01-29,Açúcar,9,49.42,Nordeste
2022-01-25,Sal,47,57.69,Centro-Oeste
2022-01-27,Arroz,32,70.64,Nordeste
2022-01-15,Sal,9,30.73,Sul
2022-01-5,Macarrão,46,53.04,Norte
2022-01-3,Feijão,23,29.05,Sudeste
2022-01-15,Açúcar,31,74.94,Norte
2022-01-17,Macarrão,31,52.74,Sudeste
2022-01-23,Sal,33,32.41,Nordeste
2022-01-28,Açúcar,27,54.01,Centro-Oeste
2022-01-22,Leite,4,17.82,Centro-Oeste
2022-01-19,Batata,41,58.45,Sudeste
2022-01-13,Arroz,37,72.1,Nordeste
2022-01-22,Feijão,46,62.66,Nordeste
2022-01-3,Feijão,50,12.73,Sul
2022-01-26,Macarrão,41,25.3,Sul
2022-01-10,Arroz,8,93.66,Sudeste
2022-01-6,Feijão,35,21.58,Sul
2022-01-28,Feijão,47,62.36,Nordeste
2022-01-20,Carne,36,93.06,Sudeste
2022-01-4,Frango,47,56.44,Centro-Oeste
2022-01-24,Leite,39,27.57,Norte
2022-01-4,Carne,5,32.99,Sul
2022-01-6,Carne,23,36.33,Nordeste
2022-01-10,Açúcar,14,51.63,Sudeste
2022-01-12,Batata,12,36.08,Sudeste
2022-01-28,Óleo,22,66.22,Sudeste
2022-01-4,Frango,26,57.83,Sudeste
2022-01-6,Batata,30,38.4,Norte
2022-01-31,Macarrão,6,37.81,Nordeste
2022-01-24,Óleo,46,36.76,Sudeste
2022-01-18,Macarrão,43,89.17,Nordeste
2022-01-7,Açúcar,28,82.92,Sul
2022-01-31,Óleo,48,62.59,Sudeste
2022-01-2,Frango,24,33.95,Nordeste
2022-01-8,Feijão,26,33.18,Sudeste
2022-01-3,Açúcar,39,48.15,Centro-Oeste
2022-01-9,Carne,22,46.53,Norte
2022-01-7,Batata,30,37.14,Norte
2022-01-10,Arroz,45,61.05,Centro-Oeste
2022-01-25,Leite,29,21.33,Nordeste
2022-01-7,Feijão,30,35.52,Norte
2022-01-24,Batata,31,24.96,Sudeste
2022-01-6,Batata,22,40.13,Nordeste
2022-01-3,Batata,4,34.81,Norte
2022-01-9,Açúcar,37,38.48,Centro-Oeste
2022-01-22,Óleo,9,36.12,Centro-Oeste
2022-01-13,Leite,1,67.39,Nordeste
2022-01-2,Arroz,20,26.14,Centro-Oeste
2022-01-9,Arroz,20,88.89,Nordeste
2022-01-29,Sal,16,71.08,Sul
2022-01-6,Batata,18,77.16,Centro-Oeste
2022-01-11,Frango,31,73.67,Sul
2022-01-7,Feijão,43,39.87,Sul
2022-01-13,Leite,2,89.05,Nordeste
2022-01-28,Carne,47,42.34,Sul
2022-01-14,Carne,24,32.28,Centro-Oeste
2022-01-19,Óleo,1,25.54,Norte
2022-01-15,Frango,26,21.72,Sul
2022-01-16,Leite,8,53.41,Sudeste
2022-01-18,Carne,35,77.21,Centro-Oeste
2022-01-19,Sal,22,48.58,Sudeste
2022-01-1,Frango,25,24.97,Centro-Oeste
2022-01-28,Sal,33,21.03,Nordeste
2022-01-31,Óleo,12,46.2,Centro-Oeste
2022-01-13,Frango,6,34.59,Sudeste
2022-01-28,Macarrão,37,77.49,Norte
2022-01-8,Óleo,39,29.33,Nordeste
2022-01-22,Macarrão,21,62.13,Sudeste
2022-01-2,Arroz,25,94.67,Norte
2022-01-25,Carne,37,25.3,Sul
2022-01-4,Frango,30,69.5,Centro-Oeste
2022-01-14,Batata,46,96.21,Centro-Oeste
2022-01-13,Leite,37,53.81,Sul
2022-01-15,Feijão,7,23.16,Sul
2022-01-3,Feijão,28,43.17,Sudeste
2022-01-12,Açúcar,21,71.05,Norte
2022-01-11,Leite,32,98.56,Sul
2022-01-18,Arroz,9,20.63,Norte
2022-01-2,Óleo,30,41.81,Nordeste
2022-01-24,Arroz,35,86.36,Sudeste
2022-01-28,Feijão,26,52.89,Norte
2022-01-24,Feijão,9,72.73,Centro-Oeste
2022-01-15,Sal,32,29.58,Centro-Oeste
2022-01-24,Óleo,36,96.72,Nordeste
2022-01-22,Arroz,49,41.74,Sul
2022-01-7,Macarrão,38,74.32,Centro-Oeste
2022-01-30,Batata,16,38.86,Centro-Oeste
2022-01-10,Sal,43,93.02,Sudeste
2022-01-1,Sal,46,98.45,Sudeste
2022-01-9,Sal,24,55.93,Centro-Oeste
2022-01-18,Sal,36,70.82,Sudeste
2022-01-11,Açúcar,29,43.92,Centro-Oeste
2022-01-15,Arroz,43,10.19,Sudeste
2022-01-3,Arroz,29,59.81,Norte
2022-01-2,Arroz,23,35.05,Sudeste
2022-01-24,Carne,6,99.6,Centro-Oeste
2022-01-28,Feijão,7,64.3,Sul
2022-01-21,Carne,4,88.31,Sul
2022-01-8,Óleo,46,85.65,Centro-Oeste
2022-01-31,Sal,38,13.37,Sudeste
2022-01-29,Frango,45,42.49,Norte
2022-01-19,Arroz,4,40.99,Norte
2022-01-19,Óleo,42,77.76,Sudeste
2022-01-7,Arroz,12,36.93,Norte
2022-01-20,Frango,42,33.82,Sudeste
2022-01-12,Frango,16,42.98,Nordeste
2022-01-7,Feijão,28,44.6,Centro-Oeste
2022-01-4,Leite,28,53.01,Sudeste
2022-01-17,Arroz,46,74.12,Norte
2022-01-21,Sal,32,65.06,Sudeste
2022-01-31,Batata,11,18.71,Sudeste
2022-01-27,Sal,22,77.26,Nordeste
2022-01-29,Leite,31,56.57,Nordeste
2022-01-23,Açúcar,20,41.77,Sudeste
2022-01-14,Frango,34,94.82,Nordeste
2022-01-17,Sal,22,66.26,Nordeste
2022-01-26,Carne,42,61.4,Sudeste
2022-01-7,Carne,15,62.83,Sul
2022-01-3,Leite,15,82.09,Centro-Oeste
2022-01-30,Sal,3,87.55,Sul
2022-01-7,Batata,46,20.87,Sudeste
2022-01-7,Sal,22,51.29,Nordeste
2022-01-2,Arroz,35,45.47,Nordeste
2022-01-11,Óleo,48,65.9,Nordeste
2022-01-23,Óleo,7,67.75,Sudeste
2022-01-23,Açúcar,31,64.77,Sudeste
2022-01-2,Macarrão,3,48.65,Norte
2022-01-6,Batata,27,26.72,Norte
2022-01-17,Batata,24,67.11,Nordeste
2022-01-10,Frango,4,19.01,Sul
2022-01-20,Frango,38,30.03,Centro-Oeste
2022-01-30,Carne,42,28.4,Nordeste
2022-01-15,Feijão,9,46.99,Nordeste
2022-01-20,Arroz,28,47.29,Nordeste
2022-01-24,Macarrão,26,92.75,Norte
2022-01-24,Açúcar,7,33.37,Nordeste
2022-01-10,Feijão,24,46.05,Nordeste
2022-01-7,Sal,38,73.54,Nordeste
2022-01-18,Óleo,24,79.12,Nordeste
2022-01-25,Frango,10,96.28,Nordeste
2022-01-24,Leite,12,63.6,Nordeste
2022-01-15,Leite,25,72.39,Sudeste
2022-01-29,Arroz,34,85.05,Norte
2022-01-16,Óleo,17,47.1,Centro-Oeste
2022-01-19,Carne,30,32.51,Centro-Oeste
2022-01-26,Açúcar,21,71.49,Sul
2022-01-26,Arroz,18,25.17,Sudeste
2022-01-1,Sal,6,38.4,Sudeste
2022-01-4,Macarrão,21,96.23,Norte
2022-01-4,Arroz,19,94.19,Sudeste
2022-01-13,Batata,35,65.77,Norte
2022-01-21,Carne,12,65.24,Centro-Oeste
2022-01-18,Macarrão,35,90.96,Nordeste
2022-01-8,Açúcar,30,86.75,Norte
2022-01-16,Sal,28,77.63,Norte
2022-01-21,Sal,47,19.08,Nordeste
2022-01-4,Óleo,3,81.78,Norte
2022-01-11,Leite,5,87.98,Sul
2022-01-6,Óleo,10,46.66,Norte
2022-01-9,Óleo,16,63.81,Centro-Oeste
2022-01-3,Feijão,19,87.6,Nordeste
2022-01-1,Óleo,22,18.44,Sudeste
2022-01-8,Batata,21,55.43,Sudeste
2022-01-21,Leite,40,25.94,Centro-Oeste
2022-01-6,Macarrão,10,37.47,Nordeste
2022-01-22,Óleo,26,27.47,Sul
2022-01-12,Carne,10,79.88,Sul
2022-01-2,Sal,42,35.23,Sudeste
2022-01-22,Óleo,28,52.53,Norte
2022-01-16,Açúcar,39,23.12,Sul
2022-01-13,Óleo,10,80.45,Norte
2022-01-19,Leite,31,80.37,Nordeste
2022-01-14,Leite,47,38.92,Nordeste
2022-01-5,Óleo,36,49.5,Sul
2022-01-19,Macarrão,48,26.45,Norte
2022-01-20,Leite,47,78.26,Nordeste
2022-01-18,Frango,38,60.43,Norte
2022-01-3,Sal,28,10.8,Nordeste
2022-01-29,Feijão,14,16.16,Norte
2022-01-10,Macarrão,27,58.01,Sudeste
2022-01-28,Batata,37,50.91,Sudeste
2022-01-28,Óleo,30,74.05,Norte
2022-01-11,Carne,3,14.73,Centro-Oeste
2022-01-23,Carne,29,65.0,Nordeste
2022-01-14,Açúcar,4,95.42,Sul
2022-01-15,Feijão,36,43.01,Sul
2022-01-17,Macarrão,20,11.38,Sul
2022-01-31,Arroz,6,15.54,Nordeste
2022-01-13,Macarrão,8,90.98,Sudeste
2022-01-21,Macarrão,44,57.26,Centro-Oeste
2022-01-17,Feijão,34,44.85,Norte
2022-01-17,Frango,35,54.14,Sul
2022-01-3,Batata,8,60.84,Centro-Oeste
2022-01-2,Frango,28,97.15,Centro-Oeste
2022-01-27,Açúcar,48,44.36,Sul
2022-01-4,Açúcar,37,27.09,Nordeste
2022-01-17,Macarrão,26,14.88,Nordeste
2022-01-4,Sal,28,67.48,Centro-Oeste
2022-01-5,Batata,12,14.68,Nordeste
2022-01-26,Carne,13,75.62,Centro-Oeste
2022-01-2,Feijão,29,36.03,Centro-Oeste
2022-01-11,Óleo,15,32.06,Centro-Oeste
2022-01-21,Leite,11,79.67,Sudeste
2022-01-29,Frango,44,62.59,Norte
2022-01-30,Feijão,5,48.01,Sudeste
2022-01-4,Macarrão,19,30.76,Sul
2022-01-4,Açúcar,47,91.42,Nordeste
2022-01-24,Arroz,28,56.55,Sul
2022-01-11,Frango,3,22.67,Sul
2022-01-4,Feijão,5,38.79,Sudeste
2022-01-18,Leite,16,11.47,Sul
2022-01-29,Leite,42,87.12,Sul
2022-01-9,Açúcar,18,67.55,Sul
2022-01-4,Arroz,29,73.9,Norte
2022-01-13,Batata,26,46.99,Nordeste
2022-01-12,Carne,31,99.58,Norte
2022-01-30,Sal,46,37.24,Sul
2022-01-13,Carne,18,64.84,Centro-Oeste
2022-01-24,Frango,31,72.58,Nordeste
2022-01-6,Carne,45,96.67,Norte
2022-01-14,Feijão,25,29.45,Centro-Oeste
2022-01-28,Carne,28,30.29,Nordeste
2022-01-12,Macarrão,40,51.58,Sul
2022-01-14,Carne,16,75.0,Sudeste
2022-01-19,Feijão,6,30.56,Centro-Oeste
2022-01-10,Macarrão,1,17.72,Nordeste
2022-01-13,Óleo,6,86.42,Sul
2022-01-3,Carne,22,90.38,Centro-Oeste
2022-01-3,Feijão,6,36.06,Centro-Oeste
2022-01-22,Leite,17,57.4,Sul
2022-01-25,Sal,5,26.11,Centro-Oeste
2022-01-23,Sal,44,86.02,Sudeste
2022-01-6,Carne,26,85.66,Norte
2022-01-21,Macarrão,27,42.36,Nordeste
2022-01-14,Batata,28,95.38,Nordeste
2022-01-25,Arroz,25,60.97,Sudeste
2022-01-17,Açúcar,13,26.93,Norte
2022-01-16,Arroz,9,61.88,Nordeste
2022-01-14,Sal,32,72.87,Norte
2022-01-13,Carne,47,45.42,Centro-Oeste
2022-01-1,Batata,22,46.09,Norte
2022-01-17,Óleo,7,49.47,Sul
2022-01-31,Feijão,4,91.67,Sudeste
2022-01-21,Sal,44,43.87,Sul
2022-01-13,Feijão,27,69.5,Sul
2022-01-26,Açúcar,42,16.24,Sul
2022-01-13,Frango,12,22.45,Norte
2022-01-1,Carne,24,71.86,Norte
2022-01-3,Macarrão,33,20.86,Nordeste
2022-01-13,Feijão,11,65.89,Norte
2022-01-24,Batata,39,76.54,Norte
2022-01-28,Frango,42,25.96,Sudeste
2022-01-11,Açúcar,24,60.08,Sul
2022-01-31,Sal,9,88.7,Nordeste
2022-01-5,Sal,14,26.34,Centro-Oeste
2022-01-24,Frango,23,33.16,Sul
2022-01-15,Feijão,23,76.88,Sudeste
2022-01-21,Sal,8,53.63,Sudeste
2022-01-5,Arroz,10,99.87,Norte
2022-01-22,Leite,21,83.02,Sudeste
2022-01-1,Açúcar,48,71.8,Sul
2022-01-12,Óleo,34,83.61,Centro-Oeste
2022-01-16,Óleo,31,41.38,Norte
2022-01-28,Carne,47,86.55,Sul
2022-01-28,Óleo,5,58.43,Centro-Oeste
2022-01-6,Arroz,12,93.52,Sudeste
2022-01-29,Batata,14,12.72,Sudeste
2022-01-21,Sal,27,21.26,Centro-Oeste
2022-01-4,Frango,50,25.9,Sudeste
2022-01-6,Leite,3,24.07,Nordeste
2022-01-23,Macarrão,12,42.38,Norte
2022-01-15,Óleo,14,64.53,Centro-Oeste
2022-01-20,Frango,41,24.98,Sul
2022-01-8,Batata,2,89.26,Sul
2022-01-10,Óleo,30,22.72,Norte
2022-01-9,Frango,46,84.11,Sul
2022-01-14,Macarrão,9,95.91,Sudeste
2022-01-10,Batata,37,66.22,Sudeste
2022-01-3,Frango,50,11.04,Norte
2022-01-23,Batata,17,22.01,Centro-Oeste
2022-01-19,Leite,43,93.66,Nordeste
2022-01-23,Leite,17,48.6,Centro-Oeste
2022-01-31,Leite,41,22.82,Nordeste
2022-01-3,Macarrão,26,65.91,Sudeste
2022-01-1,Macarrão,33,81.57,Sul
2022-01-21,Carne,39,85.07,Sul
2022-01-5,Arroz,37,98.93,Nordeste
2022-01-10,Macarrão,28,38.5,Centro-Oeste
2022-01-4,Feijão,45,96.34,Centro-Oeste
2022-01-12,Feijão,15,43.27,Sudeste
